{
    "Game Objects": [
        {
            "name": "PitAreaLight2",
            "tag": "Untagged",
            "layer": "Default",
            "Active": true,
            "UID": 1336852597,
            "ParentUID": 1788828234,
            "PrefabReference": 0,
            "PrefabID": 0,
            "DontDestroy": false,
            "Static": false,
            "Position": [
                12.624422073364258,
                1.6095180511474609,
                -0.5632014274597168
            ],
            "Rotation": [
                6.7501566673473096e-14,
                0.7071068286895752,
                -0.7071068286895752,
                -6.1817310381684365e-08
            ],
            "Scale": [
                1.0000684261322021,
                0.99982213973999023,
                0.99982213973999023
            ],
            "Components": [
                {
                    "Type": 1,
                    "Active": true
                },
                {
                    "Type": 27,
                    "Active": true,
                    "lightColor": [
                        1,
                        0,
                        0
                    ],
                    "ambientLightColor": [
                        1,
                        0,
                        0
                    ],
                    "lightIntensity": 10,
                    "specularValue": 1,
                    "fadeDistance": 50,
                    "maxDistance": 2500,
                    "calculateShadows": true
                }
            ]
        }
    ]
}