{
    "Game Objects": [
        {
            "name": "RancorProjectileParticle",
            "tag": "Untagged",
            "layer": "Default",
            "Active": true,
            "UID": 1762951015,
            "ParentUID": 1310191961,
            "PrefabReference": 672337937,
            "PrefabID": 0,
            "DontDestroy": false,
            "Static": false,
            "Position": [
                0,
                0,
                0
            ],
            "Rotation": [
                3.8584264672181234e-08,
                -0.9938088059425354,
                3.8584264672181234e-08,
                0.11110377311706543
            ],
            "Scale": [
                1.0000011920928955,
                1,
                1.0000013113021851
            ],
            "Components": [
                {
                    "Type": 1,
                    "Active": true
                },
                {
                    "Type": 3,
                    "Active": true,
                    "IsEmpty": true,
                    "MaterialAssetPath": "Empty",
                    "MaterialLibraryPath": "Library\/Materials\/355756108.mat",
                    "MaterialUID": 355756108
                },
                {
                    "Type": 20,
                    "Active": true,
                    "systemActive": false,
                    "looping": false,
                    "maxDuration": 0.10000000149011612,
                    "ParticleEmitters": [
                        {
                            "AssetPath": "Empty",
                            "LibraryPath": "Library\/Textures\/1162313265.dds",
                            "texUID": 1162313265,
                            "paEmitterName": "Dust",
                            "paLifeTime": [
                                0.40000000596046448,
                                0.69999998807907104
                            ],
                            "paSize": [
                                1,
                                1
                            ],
                            "paColor": [
                                1,
                                1,
                                1,
                                1
                            ],
                            "paPerSec": 500,
                            "paRelative": true,
                            "maxDelay": 0,
                            "ParticleEffects": [
                                {
                                    "paEffectType": 0,
                                    "paFOLT_direction": [
                                        0,
                                        0,
                                        0
                                    ],
                                    "paFOLT_magnitude": 0,
                                    "paFOLT_gravityMod": 0.10000000149011612,
                                    "paFOLT_gravity": -0.98000001907348633,
                                    "paFOLT_forceType": 0
                                },
                                {
                                    "paEffectType": 1,
                                    "paROLT_rotation": [
                                        0,
                                        360
                                    ],
                                    "paROLT_rotationSpeed": [
                                        0,
                                        0
                                    ]
                                },
                                {
                                    "paEffectType": 2,
                                    "Gradients": [
                                        {
                                            "paColorOLTcolor": [
                                                0.20000000298023224,
                                                0.086274512112140656,
                                                0,
                                                0
                                            ],
                                            "paColorOLTposition": 0.015306122601032257
                                        },
                                        {
                                            "paColorOLTcolor": [
                                                0.20000000298023224,
                                                0.086274512112140656,
                                                0,
                                                1
                                            ],
                                            "paColorOLTposition": 0.57142877578735352
                                        }
                                    ]
                                },
                                {
                                    "paEffectType": 3,
                                    "paSizeOLTStartSize": 0.40000000596046448,
                                    "paSizeOLTEndSize": 0
                                },
                                {
                                    "paEffectType": 5,
                                    "paShapeHasInitSpeed": true,
                                    "paShapePartSpeed": 1,
                                    "paShapeRandSpeed": 0.5,
                                    "PaShapeSphereRadius": 0.20000000298023224,
                                    "PaShapeSphereDirection": false,
                                    "PaShapeSphereAngle": 0,
                                    "paShapeType": 1,
                                    "PaShapeOffset": [
                                        0,
                                        0,
                                        0
                                    ]
                                }
                            ]
                        },
                        {
                            "AssetPath": "Empty",
                            "LibraryPath": "Library\/Textures\/170375526.dds",
                            "texUID": 170375526,
                            "paEmitterName": "Stone",
                            "paLifeTime": [
                                0.20000000298023224,
                                0.40000000596046448
                            ],
                            "paSize": [
                                1,
                                1
                            ],
                            "paColor": [
                                1,
                                1,
                                1,
                                1
                            ],
                            "paPerSec": 900,
                            "paRelative": true,
                            "maxDelay": 0,
                            "ParticleEffects": [
                                {
                                    "paEffectType": 0,
                                    "paFOLT_direction": [
                                        0,
                                        0,
                                        0
                                    ],
                                    "paFOLT_magnitude": 0,
                                    "paFOLT_gravityMod": 1,
                                    "paFOLT_gravity": -9.8000001907348633,
                                    "paFOLT_forceType": 0
                                },
                                {
                                    "paEffectType": 2,