{
    "Game Objects": [
        {
            "name": "Wampa Trail",
            "tag": "Untagged",
            "layer": "Default",
            "Active": true,
            "UID": 1078685705,
            "ParentUID": 424241714,
            "PrefabReference": 273054205,
            "PrefabID": 781563061,
            "DontDestroy": false,
            "Static": false,
            "Position": [
                0.5825047492980957,
                0,
                0.24118614196777344
            ],
            "Rotation": [
                -6.2888496188406862e-08,
                -0.73699939250946045,
                -6.2888496188406862e-08,
                0.67589348554611206
            ],
            "Scale": [
                1.0000079870223999,
                1,
                1.0000206232070923
            ],
            "PrefabObjects": [
                {
                    "name": "Small Floor Cracks",
                    "tag": "Untagged",
                    "layer": "Default",
                    "Active": true,
                    "UID": 1674332215,
                    "ParentUID": 1078685705,
                    "PrefabID": 0,
                    "PrefabReference": 187950083,
                    "DontDestroy": false,
                    "Static": false,
                    "Position": [
                        0,
                        3.1500000953674316,
                        0
                    ],
                    "Rotation": [
                        0,
                        0,
                        0,
                        1
                    ],
                    "Scale": [
                        1,
                        1,
                        1
                    ]
                },
                {
                    "name": "Snow Dust",
                    "tag": "Untagged",
                    "layer": "Default",
                    "Active": true,
                    "UID": 1123297708,
                    "ParentUID": 1078685705,
                    "PrefabID": 0,
                    "PrefabReference": 1669359148,
                    "DontDestroy": false,
                    "Static": false,
                    "Position": [
                        0,
                        3.2999999523162842,
                        0
                    ],
                    "Rotation": [
                        0,
                        0,
                        0,
                        1
                    ],
                    "Scale": [
                        1,
                        1,
                        1
                    ]
                }
            ]
        }
    ]
}