{
    "Game Objects": [
        {
            "name": "SpaceShip Light",
            "tag": "Untagged",
            "layer": "Default",
            "Active": true,
            "UID": 795759841,
            "ParentUID": 590099293,
            "PrefabReference": 0,
            "PrefabID": 0,
            "DontDestroy": false,
            "Static": false,
            "Position": [
                -8.6787900924682617,
                7.6929998397827148,
                25.12700080871582
            ],
            "Rotation": [
                0.53481721878051758,
                0,
                0,
                0.84496778249740601
            ],
            "Scale": [
                1,
                0.9999127984046936,
                0.9999127984046936
            ],
            "Components": [
                {
                    "Type": 1,
                    "Active": true
                },
                {
                    "Type": 27,
                    "Active": true,
                    "lightColor": [
                        1,
                        1,
                        1
                    ],
                    "ambientLightColor": [
                        1,
                        1,
                        1
                    ],
                    "lightIntensity": 1,
                    "specularValue": 1,
                    "fadeDistance": 10,
                    "maxDistance": 200,
                    "calculateShadows": true
                }
            ]
        }
    ]
}