{
    "Game Objects": [
        {
            "name": "AreaLight",
            "tag": "Untagged",
            "layer": "Default",
            "Active": true,
            "UID": 1518914994,
            "ParentUID": 1823420575,
            "PrefabReference": 0,
            "PrefabID": 0,
            "DontDestroy": false,
            "Static": false,
            "Position": [
                7.3857278823852539,
                12.982662200927734,
                -7.090578556060791
            ],
            "Rotation": [
                0.7071068286895752,
                0,
                0,
                0.70710670948028564
            ],
            "Scale": [
                6.8633584976196289,
                2.5408852100372314,
                14.451510429382324
            ],
            "Components": [
                {
                    "Type": 1,
                    "Active": true
                },
                {
                    "Type": 27,
                    "Active": true,
                    "lightColor": [
                        1,
                        0.99998998641967773,
                        0.99998998641967773
                    ],
                    "ambientLightColor": [
                        1,
                        0.6734006404876709,
                        0.6734006404876709
                    ],
                    "lightIntensity": 3,
                    "specularValue": 1,
                    "fadeDistance": 10,
                    "maxDistance": 300,
                    "calculateShadows": true
                }
            ]
        }
    ]
}