{
    "Game Objects": [
        {
            "name": "Razor Jets",
            "tag": "Untagged",
            "layer": "Default",
            "Active": true,
            "UID": 630940959,
            "ParentUID": 1098915375,
            "PrefabReference": 0,
            "PrefabID": 0,
            "DontDestroy": false,
            "Static": false,
            "Position": [
                1.2789168357849121,
                0.042236328125,
                -0.96597886085510254
            ],
            "Rotation": [
                -3.0908623216419073e-08,
                0.7071068286895752,
                -0.7071068286895752,
                -3.0908623216419073e-08
            ],
            "Scale": [
                0.50505048036575317,
                0.50505059957504272,
                0.50505083799362183
            ],
            "Components": [
                {
                    "Type": 1,
                    "Active": true
                },
                {
                    "Type": 3,
                    "Active": true,
                    "IsEmpty": true,
                    "MaterialAssetPath": "Empty",
                    "MaterialLibraryPath": "Library\/Materials\/355756108.mat",
                    "MaterialUID": 355756108
                },
                {
                    "Type": 20,
                    "Active": true,
                    "systemActive": true,
                    "looping": true,
                    "maxDuration": 10,
                    "ParticleEmitters": [
                        {
                            "AssetPath": "Empty",
                            "LibraryPath": "Library\/Textures\/2134419253.dds",
                            "texUID": 2134419253,
                            "paEmitterName": "Empty",
                            "paLifeTime": [
                                0.10000000149011612,
                                0.20000000298023224
                            ],
                            "paSize": [
                                1,
                                1
                            ],
                            "paColor": [
                                1,
                                0.97690880298614502,
                                0.74137932062149048,
                                1
                            ],
                            "paPerSec": 600,
                            "paRelative": false,
                            "ParticleEffects": [
                                {
                                    "paEffectType": 2,
                                    "Gradients": [
                                        {
                                            "paColorOLTcolor": [
                                                1,
                                                0.97647058963775635,
                                                0.74117648601531982,
                                                0
                                            ],
                                            "paColorOLTposition": 0.015306122601032257
                                        },
                                        {
                                            "paColorOLTcolor": [
                                                0,
                                                0.96629214286804199,
                                                1,
                                                1
                                            ],
                                            "paColorOLTposition": 0.25510203838348389
                                        },
                                        {
                                            "paColorOLTcolor": [
                                                1,
                                                0.97647058963775635,
                                                0.74117648601531982,
                                                1
                                            ],
                                            "paColorOLTposition": 1
                                        }
                                    ]
                                },
                                {
                                    "paEffectType": 3,
                                    "paSizeOLTStartSize": 0.05000000074505806,
                                    "paSizeOLTEndSize": 0
                                },
                                {
                                    "paEffectType": 5,
                                    "paShapeHasInitSpeed": false,
                                    "paShapePartSpeed": 1,
                                    "paShapeRandSpeed": 0.5,
                                    "PaShapeCircumferenceinnerRadius": 0.5,
                                    "PaShapeCircumferenceoutterRadius": 0.5,
                                    "PaShapeCircumferenceDirection": false,
                                    "PaShapeCircumferenceAngle": 0,
                                    "paShapeType": 3,
                                    "PaShapeOffset": [
                                        0,
                                        -0.68999999761581421,
                                        0
                                    ]
                                }
                            ]
                        },
                        {
                            "AssetPath": "Empty",
                            "LibraryPath": "Library\/Textures\/2134419253.dds",
                            "texUID": 2134419253,
                            "paEmitterName": "Empty",
                            "paLifeTime": [
                                0.10000000149011612,
                                0.5
                            ],
                            "paSize": [
                                1,
                                1
                            ],
                            "paColor": [
                                1,
                                0.97647058963775635,
                                0.74117648601531982,
                                1
                            ],
                            "paPerSec": 250,
                            "paRelative": false,
                            "ParticleEffects": [
                                {
                                    "paEffectType": 2,
                                    "Gradients": [
                                        {
                                            "paColorOLTcolor": [
                                                1,
                                                0,
                                                0,
                                                0
                                            ],
                                            "paColorOLTposition": 0.0076530613005161285
                                        },
                                        {
                                            "paColorOLTcolor": [
                                                0,
                                                0.96470588445663452,
                                                1,
                                                1
                                            ],
                                            "paColorOLTposition": 0.18622449040412903
                                        },
                                        {
                                            "paColorOLTcolor": [
                                                1,
                                                0.97647058963775635,
                                                0.74117648601531982,
                                                1
                                            ],